{"employees":[{"EmployeeId":"10101","EmpName":"Ram","Age":"40","MobNum":"1212","Experience":"3"},{"EmployeeId":"10102","EmpName":"Saravana","Age":"21","MobNum":"21","Experience":"1"},{"EmployeeId":"10103","EmpName":"Sugumar","Age":"21","MobNum":"1","Experience":"2"},{"EmployeeId":"10104","EmpName":"Vishnu","Age":"25","MobNum":"3","Experience":"2"},{"EmployeeId":"10105","EmpName":"Jagan","Age":"27","MobNum":"98","Experience":"3"},{"EmployeeId":"10106","EmpName":"Pavan","Age":"29","MobNum":"36","Experience":"3"},{"EmployeeId":"10107","EmpName":"Mohan","Age":"35","MobNum":"55","Experience":"5"},{"EmployeeId":"10108","EmpName":"Gopi","Age":"20","MobNum":"65","Experience":"1"},{"EmployeeId":"10109","EmpName":"Aravindan","Age":"22","MobNum":"45","Experience":"1"},{"EmployeeId":"10110","EmpName":"Yuvaraj","Age":"22","MobNum":"02","Experience":"2"},{"EmployeeId":"10111","EmpName":"Sathiya","Age":"25","MobNum":"335","Experience":"3"},{"EmployeeId":"10112","EmpName":"Angel","Age":"21","MobNum":"43","Experience":"1"},{"EmployeeId":"10113","EmpName":"Christiana","Age":"20","MobNum":"54","Experience":"1"},{"EmployeeId":"10114","EmpName":"Balaji","Age":"40","MobNum":"76","Experience":"10"},{"EmployeeId":"10115","EmpName":"Balu","Age":"38","MobNum":"0101","Experience":"8"},{"EmployeeId":"10116","EmpName":"Vignesh","Age":"28","MobNum":"90","Experience":"3"},{"EmployeeId":"10117","EmpName":"Sarath","Age":"22","MobNum":"96","Experience":"2"}]}