{"employees":{"1":{"EmployeeId":"10102","EmpName":"Saravana","Age":"21","MobNum":"12034","Experience":"1"},"2":{"EmployeeId":"10103","EmpName":"Sugumar","Age":"23","MobNum":"1","Experience":"2"},"3":{"EmployeeId":"10104","EmpName":"Vishnu","Age":"25","MobNum":"12034","Experience":"2"},"4":{"EmployeeId":"10105","EmpName":"Jagan","Age":"27","MobNum":"12034","Experience":"3"},"5":{"EmployeeId":"10106","EmpName":"Pavan","Age":"29","MobNum":"12034","Experience":"3"},"6":{"EmployeeId":"10107","EmpName":"Mohan","Age":"35","MobNum":"12034","Experience":"5"},"7":{"EmployeeId":"10108","EmpName":"Gopi","Age":"20","MobNum":"12034","Experience":"1"},"8":{"EmployeeId":"10109","EmpName":"Aravindan","Age":"22","MobNum":"12034","Experience":"1"},"9":{"EmployeeId":"10110","EmpName":"Yuvaraj","Age":"22","MobNum":"12034","Experience":"2"},"10":{"EmployeeId":"10111","EmpName":"Sathiya","Age":"25","MobNum":"12034","Experience":"3"},"11":{"EmployeeId":"10112","EmpName":"Angel","Age":"21","MobNum":"12034","Experience":"1"},"12":{"EmployeeId":"10113","EmpName":"Christiana","Age":"20","MobNum":"12034","Experience":"1"},"13":{"EmployeeId":"10114","EmpName":"Balaji","Age":"40","MobNum":"12034","Experience":"10"},"14":{"EmployeeId":"10115","EmpName":"Balu","Age":"38","MobNum":"12034","Experience":"8"},"15":{"EmployeeId":"10116","EmpName":"Vignesh","Age":"28","MobNum":"12034","Experience":"3"},"16":{"EmployeeId":"10117","EmpName":"Sarath","Age":"22","MobNum":"12034","Experience":"2"},"0":{"EmployeeId":"10101","EmpName":"Ram","Age":"40","MobNum":"1","Experience":"3"},"18":{"EmployeeId":"10119","EmpName":"Vaishnavi","Age":"22","MobNum":"101","Experience":"2"},"19":{"EmployeeId":"10120","EmpName":"Vasu","Age":"45","MobNum":"101001","Experience":"13"},"17":{"EmployeeId":"10118","EmpName":"Madhan","Age":"40","MobNum":"000000","Experience":"11"}}}